/*
SQLyog Ultimate v13.1.1 (64 bit)
MySQL - 5.7.21 : Database - Avalon_Cat_Website
*********************************************************************
*/

/*!40101 SET NAMES utf8 */;

/*!40101 SET SQL_MODE=''*/;

/*!40014 SET @OLD_UNIQUE_CHECKS=@@UNIQUE_CHECKS, UNIQUE_CHECKS=0 */;
/*!40014 SET @OLD_FOREIGN_KEY_CHECKS=@@FOREIGN_KEY_CHECKS, FOREIGN_KEY_CHECKS=0 */;
/*!40101 SET @OLD_SQL_MODE=@@SQL_MODE, SQL_MODE='NO_AUTO_VALUE_ON_ZERO' */;
/*!40111 SET @OLD_SQL_NOTES=@@SQL_NOTES, SQL_NOTES=0 */;
CREATE DATABASE /*!32312 IF NOT EXISTS*/`Avalon_Cat_Website` /*!40100 DEFAULT CHARACTER SET utf8mb4 */;

USE `Avalon_Cat_Website`;

/*Table structure for table `GM_App` */

DROP TABLE IF EXISTS `GM_App`;

CREATE TABLE `GM_App` (
  `id` varchar(255) NOT NULL,
  `site_name` varchar(64) NOT NULL COMMENT '站点名',
  `site_id` varchar(64) NOT NULL COMMENT '分配给站点的标识',
  `language` varchar(255) DEFAULT 'zh-Hans' COMMENT '站点语言配置，英文逗号隔开',
  `pro_path` varchar(255) NOT NULL COMMENT '前端工程路径',
  `public_ing` tinyint(1) DEFAULT '0' COMMENT '是否发布中',
  `url` varchar(255) DEFAULT NULL COMMENT '站点地址',
  `create_time` timestamp NULL DEFAULT CURRENT_TIMESTAMP,
  PRIMARY KEY (`id`),
  UNIQUE KEY `unique_Id` (`site_id`,`site_name`)
) ENGINE=InnoDB DEFAULT CHARSET=utf8mb4;

/*Data for the table `GM_App` */

insert  into `GM_App`(`id`,`site_name`,`site_id`,`language`,`pro_path`,`public_ing`,`url`,`create_time`) values 
('da1a5cb9e2c1d357cf24bf58ee2d947b','CAT1','CAT-cn','zh-Hant,en','/',0,'http://www.baidu.com','2022-04-15 18:33:59'),
('febb87ca2013ee0561c4be5ef9e538a0','CAT-global','Catapult','en','http://',0,'http://sdk-inet-dev.avalongames.com/','2022-04-15 18:31:34');

/*Table structure for table `GM_Fixed_Content` */

DROP TABLE IF EXISTS `GM_Fixed_Content`;

CREATE TABLE `GM_Fixed_Content` (
  `id` varchar(64) NOT NULL,
  `site_id` varchar(64) NOT NULL COMMENT '对应站点关系',
  `fixed_id` varchar(64) NOT NULL COMMENT '分配给前端的固定内容标识',
  `name` varchar(64) DEFAULT NULL COMMENT '固定内容点名称',
  `link` varchar(255) DEFAULT NULL COMMENT '链接',
  `images` text COMMENT '图片集合',
  `text` text COMMENT '文字内容',
  `video` text COMMENT '视频集合',
  `rich_text` mediumtext COMMENT '富文本',
  `create_time` timestamp NOT NULL DEFAULT CURRENT_TIMESTAMP,
  PRIMARY KEY (`id`),
  UNIQUE KEY `unique_id` (`site_id`,`fixed_id`),
  UNIQUE KEY `unique` (`site_id`,`name`)
) ENGINE=InnoDB DEFAULT CHARSET=utf8mb4;

/*Data for the table `GM_Fixed_Content` */

insert  into `GM_Fixed_Content`(`id`,`site_id`,`fixed_id`,`name`,`link`,`images`,`text`,`video`,`rich_text`,`create_time`) values 
('3b92106ccf265eede221182e2aec2bb0','febb87ca2013ee0561c4be5ef9e538a0','head_link','分享链接',NULL,'{\"type\":\"images\",\"content\":[{\"data\":\"http://corp-all-web-rs-test.oss-cn-hongkong.aliyuncs.com/gameWeb/Catapult/1651040113788图层 249 拷贝 的颜色填充@2x.png\",\"link\":\"https://discord.com/invite/JypAWdrkwQ \"},{\"data\":\"http://corp-all-web-rs-test.oss-cn-hongkong.aliyuncs.com/gameWeb/Catapult/1651040121396图层 239 拷贝@2x.png\",\"link\":\"https://www.facebook.com/Smashingstargames\"},{\"data\":\"http://corp-all-web-rs-test.oss-cn-hongkong.aliyuncs.com/gameWeb/Catapult/1651890601318youtube白色.png\",\"link\":\"https://www.youtube.com/channel/UCMqPPCyC6sS27FM6ZzkBrGA\"},{\"data\":\"http://corp-all-web-rs-test.oss-cn-hongkong.aliyuncs.com/gameWeb/Catapult/1651890612180点击.png\",\"link\":\"https://smashingstar.fandom.com/wiki/SmashingStar_Wiki\"}]}','{\"type\":\"text\",\"content\":[]}','{\"type\":\"video\",\"content\":[]}','{\"type\":\"richText\",\"content\":[]}','2022-04-25 14:20:41'),
('4e05cd05234dff3e12c0b1fe2dd89b10','da1a5cb9e2c1d357cf24bf58ee2d947b','test','测试标识',NULL,'{\"type\":\"images\",\"content\":[{\"data\":\"http://corp-all-web-rs-test.oss-cn-hongkong.aliyuncs.com/gameWeb/CAT-cn/1650789603712微信图片_20210824160304.png\"}]}','{\"type\":\"text\",\"content\":[{\"data\":\"testw\",\"link\":\"a\"}]}','{\"type\":\"video\",\"content\":[]}','{\"type\":\"richText\",\"content\":[{\"data\":\"sfsdfasdf\",\"link\":\"fsdfsd\"}]}','2022-04-24 16:40:14'),
('5e4d997c0e34b221401d0e310cadd980','febb87ca2013ee0561c4be5ef9e538a0','mobile_top','移动端头部游戏图标',NULL,'{\"type\":\"images\",\"content\":[{\"data\":\"http://corp-all-web-rs-test.oss-cn-hongkong.aliyuncs.com/gameWeb/Catapult/1651890629873未标题-4.png\"}]}','{\"type\":\"text\",\"content\":[{\"data\":\"ios\",\"link\":\"https://www.youtube.com/channel/UCMqPPCyC6sS27FM6ZzkBrGA\"},{\"data\":\"android\",\"link\":\"https://www.youtube.com/channel/UCMqPPCyC6sS27FM6ZzkBrGA\"}]}','{\"type\":\"video\",\"content\":[]}','{\"type\":\"richText\",\"content\":[]}','2022-04-27 17:03:35'),
('bbb88ee215059856ed0130ac848baa2e','febb87ca2013ee0561c4be5ef9e538a0','donwload_link','下载图标及链接',NULL,'{\"type\":\"images\",\"content\":[{\"data\":\"http://corp-all-web-rs-test.oss-cn-hongkong.aliyuncs.com/gameWeb/Catapult/1652236710293苹果.png\"},{\"data\":\"http://corp-all-web-rs-test.oss-cn-hongkong.aliyuncs.com/gameWeb/Catapult/1652236714156安卓3.png\"}]}','{\"type\":\"text\",\"content\":[]}','{\"type\":\"video\",\"content\":[]}','{\"type\":\"richText\",\"content\":[]}','2022-04-25 19:33:38'),
('dfd79ad0c826bf2e3ae456bde03b0067','febb87ca2013ee0561c4be5ef9e538a0','video','视频',NULL,'{\"type\":\"images\",\"content\":[{\"data\":\"http://corp-all-web-rs-test.oss-cn-hongkong.aliyuncs.com/gameWeb/Catapult/1652236788889封面.jpg\"}]}','{\"type\":\"text\",\"content\":[{\"data\":\"GRAFFITING THE ARENA\"}]}','{\"type\":\"video\",\"content\":[{\"data\":\"http://corp-all-web-rs-test.oss-cn-hongkong.aliyuncs.com/gameWeb/Catapult/1652180203429CAT-GPV-英语-游戏内音乐-游戏logo.mp4\"}]}','{\"type\":\"richText\",\"content\":[{\"data\":\"Smashing Star is a 1V1 turn-based catapult game and it\'s really easy to play. All you need to do is dragging heroes to hit your opponent. The graffiti on the floor is your occupation mark, when you occupy 66% of the graffiti area, you got the triumph. \"}]}','2022-04-26 10:44:18');

/*Table structure for table `GM_Language` */

DROP TABLE IF EXISTS `GM_Language`;

CREATE TABLE `GM_Language` (
  `id` int(100) NOT NULL,
  `name` varchar(100) DEFAULT NULL,
  `code` varchar(20) DEFAULT NULL,
  PRIMARY KEY (`id`)
) ENGINE=InnoDB DEFAULT CHARSET=utf8mb4;

/*Data for the table `GM_Language` */

insert  into `GM_Language`(`id`,`name`,`code`) values 
(1,'简体中文','zh-Hans'),
(2,'繁体中文','zh-Hant'),
(3,'英语','en'),
(4,'西班牙语','es'),
(5,'阿拉伯语','ar'),
(6,'德语','de'),
(7,'韩语','ko'),
(8,'法语','fr'),
(9,'俄语','ru'),
(10,'日语','ja'),
(11,'意大利语','it'),
(12,'葡萄牙语','pt');

/*Table structure for table `GM_News` */

DROP TABLE IF EXISTS `GM_News`;

CREATE TABLE `GM_News` (
  `id` varchar(64) NOT NULL,
  `site_id` varchar(64) NOT NULL COMMENT '属于哪个站点',
  `language` varchar(20) NOT NULL DEFAULT 'zh-Hans' COMMENT '文章语言',
  `title` varchar(255) DEFAULT NULL COMMENT '标题',
  `sub_title` varchar(200) DEFAULT NULL COMMENT '副标题',
  `author` varchar(64) DEFAULT NULL COMMENT '作者',
  `content` longtext COMMENT '内容',
  `last_editor` varchar(64) DEFAULT NULL COMMENT '最后编辑人',
  `enable` tinyint(1) DEFAULT '1' COMMENT '是否启用',
  `title_image` text COMMENT '封面图地址',
  `create_time` timestamp NOT NULL DEFAULT CURRENT_TIMESTAMP,
  `update_time` timestamp NOT NULL DEFAULT CURRENT_TIMESTAMP ON UPDATE CURRENT_TIMESTAMP,
  PRIMARY KEY (`id`)
) ENGINE=InnoDB DEFAULT CHARSET=utf8mb4;

/*Data for the table `GM_News` */

insert  into `GM_News`(`id`,`site_id`,`language`,`title`,`sub_title`,`author`,`content`,`last_editor`,`enable`,`title_image`,`create_time`,`update_time`) values 
('04e3b0dbffe4dd56249e50528767f01e','febb87ca2013ee0561c4be5ef9e538a0','en','Billiards Masters Shouldn\'t Miss It-Smashing Star',NULL,'avalonweb','<div class=\"lake-content\">\n<p id=\"uc2b5afcb\" class=\"ne-p\"><span class=\"ne-text\" style=\"font-size: 18px; color: #7e8c8d;\">If you like playing billiards, you shouldn\'t miss Smashing Star. </span></p>\n<p class=\"ne-p\">&nbsp;</p>\n<p class=\"ne-p\"><span class=\"ne-text\" style=\"font-size: 18px; color: #7e8c8d;\">This is a game that combines catapult and PVP confrontation.</span></p>\n<p class=\"ne-p\">&nbsp;</p>\n<p class=\"ne-p\"><span class=\"ne-text\" style=\"font-size: 18px; color: #7e8c8d;\">In the arena, both side can have 4 characters, and each character will catapult alternately according to the speed, and the angle of the catapult is one of the key factors to win.</span></p>\n<p class=\"ne-p\">&nbsp;</p>\n<p class=\"ne-p\">&nbsp;</p>\n<p class=\"ne-p\"><img style=\"display: block; margin-left: auto; margin-right: auto;\" src=\"http://corp-all-web-rs-test.oss-cn-hongkong.aliyuncs.com/gameWeb/Catapult/1652171099207微信截图_20220510161626.png\" alt=\"\" width=\"600\" height=\"254\" /></p>\n<p class=\"ne-p\">&nbsp;</p>\n<p class=\"ne-p\">&nbsp;</p>\n<p id=\"u43bb43b6\" class=\"ne-p\"><span class=\"ne-text\" style=\"font-size: 18px; color: #7e8c8d;\">Players need to make the best catapult plan according to the attributes and skill of each character and their position on the battlefield, so that make your characters hit others as more as possible. </span></p>\n<p class=\"ne-p\">&nbsp;</p>\n<p class=\"ne-p\"><span class=\"ne-text\" style=\"font-size: 18px; color: #7e8c8d;\">Moving tracks with colors will be left in the arena, and the player who occupies 66% of graffiti area first will win.</span></p>\n<p class=\"ne-p\">&nbsp;</p>\n<p class=\"ne-p\">&nbsp;</p>\n<p id=\"ua1ff71a1\" class=\"ne-p\"><img style=\"display: block; margin-left: auto; margin-right: auto;\" src=\"http://corp-all-web-rs-test.oss-cn-hongkong.aliyuncs.com/gameWeb/Catapult/1652171077190微信截图_20220509190234_副本.png\" alt=\"\" width=\"678\" height=\"600\" /></p>\n<p class=\"ne-p\">&nbsp;</p>\n<p class=\"ne-p\">&nbsp;</p>\n<p id=\"u9c8b91d3\" class=\"ne-p\"><span class=\"ne-text\" style=\"font-size: 18px; color: #7e8c8d;\">If you are a billiard fan, then you must can make a prediction that what angle to catapult from will occupy more graffiti area. </span></p>\n<p class=\"ne-p\">&nbsp;</p>\n<p class=\"ne-p\"><span class=\"ne-text\" style=\"font-size: 18px; color: #7e8c8d;\">On the one hand, you need to find the areas that haven\'t been occupied or have been occupied by others. </span></p>\n<p class=\"ne-p\">&nbsp;</p>\n<p class=\"ne-p\"><span class=\"ne-text\" style=\"font-size: 18px; color: #7e8c8d;\">On the other hand, you need to cause more damage by hitting opponents and get more catapult chances.</span></p>\n<p class=\"ne-p\">&nbsp;</p>\n<p class=\"ne-p\">&nbsp;</p>\n<p class=\"ne-p\"><img style=\"display: block; margin-left: auto; margin-right: auto;\" src=\"http://corp-all-web-rs-test.oss-cn-hongkong.aliyuncs.com/gameWeb/Catapult/165217104727610.png\" alt=\"\" width=\"600\" height=\"529\" /></p>\n<p class=\"ne-p\">&nbsp;</p>\n<p class=\"ne-p\">&nbsp;</p>\n<p id=\"udfb3eedb\" class=\"ne-p\"><span class=\"ne-text\" style=\"font-size: 18px; color: #7e8c8d;\">It is very important to cause damage to opponent, because when opponent\'s characters die, you will have more catapult oppotunities during the cooldown time. </span></p>\n<p class=\"ne-p\">&nbsp;</p>\n<p class=\"ne-p\"><span class=\"ne-text\" style=\"font-size: 18px; color: #7e8c8d;\">In short, this is a game where you need to maximize your profit by finding the right catapult angle. </span></p>\n<p class=\"ne-p\">&nbsp;</p>\n<p class=\"ne-p\"><span class=\"ne-text\" style=\"font-size: 18px; color: #7e8c8d;\">If you like to play billiards, this game will be perfect for you.</span></p>\n</div>','zhourongling',1,'http://corp-all-web-rs-test.oss-cn-hongkong.aliyuncs.com/gameWeb/Catapult/16521677119805.jpg','2022-04-26 17:42:24','2022-05-10 17:24:47'),
('0965f6aa27d22856c351214b7b9edd81','febb87ca2013ee0561c4be5ef9e538a0','en','Smashing Star！Paint The Universe With Your COLOR!',NULL,'avalonweb','<div class=\"lake-content\">\n<p id=\"u2f9164c9\" class=\"ne-p\" style=\"text-align: left;\"><span class=\"ne-text\" style=\"font-size: 18px; color: #7e8c8d;\">Attention!</span><span class=\"ne-text\" style=\"font-size: 18px; color: #7e8c8d;\">Smashing Star is a decompressing and super attractive PVP game.</span></p>\n<p class=\"ne-p\" style=\"text-align: left;\">&nbsp;</p>\n<p class=\"ne-p\" style=\"text-align: left;\"><span class=\"ne-text\" style=\"font-size: 18px; color: #7e8c8d;\">In the arena, we combine catapult and graffiti together instead of the traditional confrontation.</span></p>\n<p class=\"ne-p\" style=\"text-align: left;\">&nbsp;</p>\n<p class=\"ne-p\" style=\"text-align: left;\"><span class=\"ne-text\" style=\"font-size: 18px; color: #7e8c8d;\">The battle victory is determined by the area size of graffiti left by fights.</span></p>\n<p class=\"ne-p\" style=\"text-align: left;\">&nbsp;</p>\n<p class=\"ne-p\" style=\"text-align: left;\">&nbsp;</p>\n<p class=\"ne-p\"><img style=\"display: block; margin-left: auto; margin-right: auto;\" src=\"http://corp-all-web-rs-test.oss-cn-hongkong.aliyuncs.com/gameWeb/Catapult/1652162630946微信截图_20220509190117_副本.png\" alt=\"\" width=\"679\" height=\"600\" /></p>\n<p id=\"u36294f50\" class=\"ne-p\" style=\"text-align: left;\"></p>\n<p class=\"ne-p\" style=\"text-align: left;\">&nbsp;</p>\n<p class=\"ne-p\" style=\"text-align: left;\">&nbsp;</p>\n<p id=\"u163e3011\" class=\"ne-p\" style=\"text-align: left;\"><span class=\"ne-text\" style=\"font-size: 18px; color: #7e8c8d;\">In the arena, you and your opponent each have four characters with different attributes and skills to fight.</span></p>\n<p class=\"ne-p\" style=\"text-align: left;\">&nbsp;</p>\n<p class=\"ne-p\" style=\"text-align: left;\"><span class=\"ne-text\" style=\"font-size: 18px; color: #7e8c8d;\"> After you decide the strategies and catapult the characters out, thier moving tracks will be left on the battlefield in the form of graffiti.</span></p>\n<p class=\"ne-p\" style=\"text-align: left;\">&nbsp;</p>\n<p class=\"ne-p\" style=\"text-align: left;\"><span class=\"ne-text\" style=\"font-size: 18px; color: #7e8c8d;\">The player who first reaches 66% of graffiti area wins the battle!</span></p>\n<p class=\"ne-p\" style=\"text-align: left;\">&nbsp;</p>\n<p class=\"ne-p\" style=\"text-align: left;\"><span style=\"font-size: 18px; color: #7e8c8d;\">&nbsp;<img style=\"display: block; margin-left: auto; margin-right: auto;\" src=\"http://corp-all-web-rs-test.oss-cn-hongkong.aliyuncs.com/gameWeb/Catapult/1652162804327微信截图_20220509190234_副本.png\" alt=\"\" width=\"678\" height=\"600\" /></span></p>\n<p id=\"u074cd59b\" class=\"ne-p\" style=\"text-align: left;\"></p>\n<p class=\"ne-p\" style=\"text-align: left;\">&nbsp;</p>\n<p class=\"ne-p\" style=\"text-align: left;\">&nbsp;</p>\n<p class=\"ne-p\" style=\"text-align: left;\">&nbsp;</p>\n<p id=\"ua0cbecc0\" class=\"ne-p\" style=\"text-align: left;\"><span class=\"ne-text\" style=\"font-size: 18px; color: #7e8c8d;\">Of course it\'s not just a catapult skill game.</span></p>\n<p class=\"ne-p\" style=\"text-align: left;\">&nbsp;</p>\n<p class=\"ne-p\" style=\"text-align: left;\"><span class=\"ne-text\" style=\"font-size: 18px; color: #7e8c8d;\">You will be able to collect a variety of characters in the game as well, but only 4 of them can be selected to fight each time.</span></p>\n<p class=\"ne-p\" style=\"text-align: left;\">&nbsp;</p>\n<p class=\"ne-p\" style=\"text-align: left;\"><span class=\"ne-text\" style=\"font-size: 18px; color: #7e8c8d;\"> Each hit will cause a damage to the opponent\'s characters until they die, and they will not back to the arena until the cooldown time is over.</span></p>\n<p class=\"ne-p\" style=\"text-align: left;\">&nbsp;</p>\n<p class=\"ne-p\" style=\"text-align: left;\"><span class=\"ne-text\" style=\"font-size: 18px; color: #7e8c8d;\"> Therefore, keeping the characters alive as long as possible will get more chances and possibility to win.</span></p>\n<p class=\"ne-p\" style=\"text-align: left;\">&nbsp;</p>\n<p class=\"ne-p\" style=\"text-align: left;\">&nbsp;</p>\n<p class=\"ne-p\" style=\"text-align: left;\"><span class=\"ne-text\" style=\"font-size: 18px; color: #7e8c8d;\"><img style=\"display: block; margin-left: auto; margin-right: auto;\" src=\"http://corp-all-web-rs-test.oss-cn-hongkong.aliyuncs.com/gameWeb/Catapult/165216323593404_副本.png\" alt=\"\" width=\"600\" height=\"412\" /></span></p>\n<p class=\"ne-p\" style=\"text-align: left;\">&nbsp;</p>\n<p class=\"ne-p\" style=\"text-align: left;\">&nbsp;</p>\n<p id=\"u35d210f4\" class=\"ne-p\" style=\"text-align: left;\"></p>\n<p id=\"u4b2808c6\" class=\"ne-p\" style=\"text-align: left;\"><span class=\"ne-text\" style=\"font-size: 18px; color: #7e8c8d;\">In《Smashing Star》, the stronger your characters are, you will be more likely to win.</span></p>\n<p class=\"ne-p\" style=\"text-align: left;\">&nbsp;</p>\n<p class=\"ne-p\" style=\"text-align: left;\"><span class=\"ne-text\" style=\"font-size: 18px; color: #7e8c8d;\"> So how to obtain more stronge characters?</span></p>\n<p class=\"ne-p\" style=\"text-align: left;\">&nbsp;</p>\n<p class=\"ne-p\" style=\"text-align: left;\"><span class=\"ne-text\" style=\"font-size: 18px; color: #7e8c8d;\">Winning arena battle can obtain new characters and new treasure chests.</span></p>\n<p class=\"ne-p\" style=\"text-align: left;\">&nbsp;</p>\n<p class=\"ne-p\" style=\"text-align: left;\"><span class=\"ne-text\" style=\"font-size: 18px; color: #7e8c8d;\">There are a lot of character cards in the treasure chests that can upgrade level and attributes of your characters, which helps you to match up a better deck!</span></p>\n<p class=\"ne-p\" style=\"text-align: left;\">&nbsp;</p>\n<p class=\"ne-p\" style=\"text-align: left;\">&nbsp;</p>\n<p class=\"ne-p\" style=\"text-align: left;\"><span class=\"ne-text\" style=\"font-size: 18px; color: #7e8c8d;\"><img style=\"display: block; margin-left: auto; margin-right: auto;\" src=\"http://corp-all-web-rs-test.oss-cn-hongkong.aliyuncs.com/gameWeb/Catapult/16521634513253.png\" alt=\"\" width=\"600\" height=\"530\" /></span></p>\n<p id=\"ua21b7913\" class=\"ne-p\" style=\"text-align: left;\"></p>\n<p class=\"ne-p\" style=\"text-align: left;\">&nbsp;</p>\n<p class=\"ne-p\" style=\"text-align: left;\">&nbsp;</p>\n<p id=\"uec9c0845\" class=\"ne-p\" style=\"text-align: left;\"></p>\n<p id=\"u54c7dc7b\" class=\"ne-p\" style=\"text-align: left;\"><span style=\"font-size: 18px; color: #7e8c8d;\"><span class=\"ne-text\">Come to《Smashing Star》and be a \"Physics + Art\" player!</span></span></p>\n<p class=\"ne-p\" style=\"text-align: left;\">&nbsp;</p>\n<p class=\"ne-p\" style=\"text-align: left;\"><span style=\"font-size: 18px; color: #7e8c8d;\"><span class=\"ne-text\">If you want to learn more about the game and relevent events.</span></span></p>\n<p class=\"ne-p\" style=\"text-align: left;\">&nbsp;</p>\n<p class=\"ne-p\" style=\"text-align: left;\"><span style=\"font-size: 18px; color: #7e8c8d;\"><span class=\"ne-text\">Click </span></span><span style=\"font-size: 18px; color: #f1c40f; background-color: #34495e;\"><a style=\"color: #f1c40f; background-color: #34495e;\" href=\"https://discord.gg/NWqHD4zUe5\">https://discord.gg/NWqHD4zUe5</a></span><span style=\"font-size: 18px; color: #7e8c8d;\"> </span><span style=\"font-size: 18px; color: #7e8c8d;\"><span class=\"ne-text\">to join our Discord Server.</span></span></p>\n<p class=\"ne-p\" style=\"text-align: left;\">&nbsp;</p>\n<p class=\"ne-p\" style=\"text-align: left;\"><span style=\"font-size: 18px; color: #7e8c8d;\"><span class=\"ne-text\">Looking forward to your participation!</span></span></p>\n</div>','zhourongling',1,'http://corp-all-web-rs-test.oss-cn-hongkong.aliyuncs.com/gameWeb/Catapult/16521635188501.jpg','2022-04-26 21:33:13','2022-05-10 17:25:01'),
('4732d6ccb2897782d3644bbfd65612d8','febb87ca2013ee0561c4be5ef9e538a0','en','Configure Your Deck, Show Your Skills In Smashing Star',NULL,'avalonweb','<div class=\"lake-content\">\n<p id=\"ucf5b208b\" class=\"ne-p\"><span class=\"ne-text\" style=\"font-size: 18px; color: #7e8c8d;\">In Smashing Star arena, you need to maintain vigilance all the time due to ever-changing situation, also your catapult skill and fight strategy will affect the whole battle. </span></p>\n<p class=\"ne-p\">&nbsp;</p>\n<p class=\"ne-p\"><span class=\"ne-text\" style=\"font-size: 18px; color: #7e8c8d;\">From the deck design to random buff competing in battle, your each move will affect the outcome. </span></p>\n<p class=\"ne-p\">&nbsp;</p>\n<p class=\"ne-p\"><span class=\"ne-text\" style=\"font-size: 18px; color: #7e8c8d;\">Properly configuring your battle deck is the first skill you need to master!</span></p>\n<p class=\"ne-p\">&nbsp;</p>\n<p id=\"u6fc07473\" class=\"ne-p\"></p>\n<p class=\"ne-p\"><img style=\"display: block; margin-left: auto; margin-right: auto;\" src=\"http://corp-all-web-rs-test.oss-cn-hongkong.aliyuncs.com/gameWeb/Catapult/1652163784479未标题-1_副本.png\" alt=\"\" width=\"600\" height=\"285\" /></p>\n<p class=\"ne-p\">&nbsp;</p>\n<p class=\"ne-p\">&nbsp;</p>\n<p id=\"u57818b0b\" class=\"ne-p\"><span style=\"font-size: 18px; color: #7e8c8d;\"><span class=\"ne-text\">Each </span><span class=\"ne-text\">character</span><span class=\"ne-text\"> has five different attributes, including attack, HP, speed, respawn speed and size. The skills will be unlocked as the </span><span class=\"ne-text\">characters </span><span class=\"ne-text\">upgrade.</span></span></p>\n<p class=\"ne-p\">&nbsp;</p>\n<p class=\"ne-p\">&nbsp;</p>\n<p class=\"ne-p\"><img style=\"display: block; margin-left: auto; margin-right: auto;\" src=\"http://corp-all-web-rs-test.oss-cn-hongkong.aliyuncs.com/gameWeb/Catapult/16521642123845.png\" alt=\"\" width=\"600\" height=\"532\" /></p>\n<p class=\"ne-p\">&nbsp;</p>\n<p class=\"ne-p\">&nbsp;</p>\n<p id=\"ua3718e0b\" class=\"ne-p\"></p>\n<p id=\"ucf4898cb\" class=\"ne-p\"><span style=\"font-size: 18px; color: #7e8c8d;\"><span class=\"ne-text\">In the battle, the order of attacking is determined by speed. </span></span></p>\n<p class=\"ne-p\">&nbsp;</p>\n<p class=\"ne-p\"><span style=\"font-size: 18px; color: #7e8c8d;\"><span class=\"ne-text\">You can choose one </span><span class=\"ne-text\">character </span><span class=\"ne-text\">to hit, attack value determines the damage;</span></span></p>\n<p class=\"ne-p\">&nbsp;</p>\n<p class=\"ne-p\"><span style=\"font-size: 18px; color: #7e8c8d;\"><span class=\"ne-text\">HP value determines the damage it can sustain;</span></span></p>\n<p class=\"ne-p\">&nbsp;</p>\n<p class=\"ne-p\"><span style=\"font-size: 18px; color: #7e8c8d;\"><span class=\"ne-text\">When characters die, there will be a cooldown time, the faster respawn speed is, the shorter cooldown time is.</span></span></p>\n<p class=\"ne-p\">&nbsp;</p>\n<p class=\"ne-p\">&nbsp;</p>\n<p class=\"ne-p\"><img style=\"display: block; margin-left: auto; margin-right: auto;\" src=\"http://corp-all-web-rs-test.oss-cn-hongkong.aliyuncs.com/gameWeb/Catapult/16521648946628.png\" alt=\"\" width=\"600\" height=\"529\" /></p>\n<p class=\"ne-p\">&nbsp;</p>\n<p class=\"ne-p\">&nbsp;</p>\n<p id=\"u8c1f75d6\" class=\"ne-p\"></p>\n<p id=\"u5547b127\" class=\"ne-p\"><span class=\"ne-text\" style=\"font-size: 18px; color: #7e8c8d;\">Size is a special attribute, it determines the sustaining times and force of each catapult. </span></p>\n<p class=\"ne-p\">&nbsp;</p>\n<p class=\"ne-p\"><span class=\"ne-text\" style=\"font-size: 18px; color: #7e8c8d;\">The bigger size the character is, the longer track will be made and the larger graffiti area will be occupied. </span></p>\n<p class=\"ne-p\">&nbsp;</p>\n<p class=\"ne-p\"><span class=\"ne-text\" style=\"font-size: 18px; color: #7e8c8d;\">But accordingly, their speed will be slower.</span></p>\n<p class=\"ne-p\">&nbsp;</p>\n<p id=\"u447c6d5b\" class=\"ne-p\"></p>\n<p id=\"u770c4e9a\" class=\"ne-p\"><span class=\"ne-text\" style=\"font-size: 18px; color: #7e8c8d;\">To sum up, you need to configure your deck according to your strategy.</span></p>\n<p class=\"ne-p\">&nbsp;</p>\n<p class=\"ne-p\">&nbsp;</p>\n<p class=\"ne-p\"><span class=\"ne-text\" style=\"font-size: 18px; color: #7e8c8d;\"><img style=\"display: block; margin-left: auto; margin-right: auto;\" src=\"http://corp-all-web-rs-test.oss-cn-hongkong.aliyuncs.com/gameWeb/Catapult/165216527300210.png\" alt=\"\" width=\"600\" height=\"529\" /></span></p>\n<p class=\"ne-p\">&nbsp;</p>\n<p class=\"ne-p\">&nbsp;</p>\n<p class=\"ne-p\"><span class=\"ne-text\" style=\"font-size: 18px; color: #7e8c8d;\">If you focus on speed and want more frequent catapults, you can choose the characters with faster speed; </span></p>\n<p class=\"ne-p\">&nbsp;</p>\n<p class=\"ne-p\"><span class=\"ne-text\" style=\"font-size: 18px; color: #7e8c8d;\">If you focus on attacking and want to take advantage of opponent\'s death, then you can choose the characters with stronger power. </span></p>\n<p class=\"ne-p\">&nbsp;</p>\n<p class=\"ne-p\"><span class=\"ne-text\" style=\"font-size: 18px; color: #7e8c8d;\">Of course, there is no absolutely superior deck in Smashing Star, you need to consider your strategy and try to find your best deck!</span></p>\n<p class=\"ne-p\">&nbsp;</p>\n<p>&nbsp;</p>\n<p class=\"ne-p\"><img style=\"display: block; margin-left: auto; margin-right: auto;\" src=\"http://corp-all-web-rs-test.oss-cn-hongkong.aliyuncs.com/gameWeb/Catapult/1652165193476微信截图_20220510144340.png\" alt=\"\" width=\"600\" height=\"421\" /></p>\n<p id=\"ufec75298\" class=\"ne-p\"></p>\n<p id=\"ub26ce520\" class=\"ne-p\"></p>\n<p class=\"ne-p\">&nbsp;</p>\n<p class=\"ne-p\">&nbsp;</p>\n<p class=\"ne-p\"><span style=\"font-size: 18px; color: #7e8c8d;\"><span class=\"ne-text\">If you want to learn more about the game and relevent events, please click <span style=\"font-size: 18px; color: #f1c40f; background-color: #34495e;\"><a style=\"color: #f1c40f; background-color: #34495e;\" href=\"https://discord.gg/NWqHD4zUe5\">https://discord.gg/NWqHD4zUe5</a></span></span><span class=\"ne-text\">&nbsp;to join our official Discord Server!</span></span></p>\n<p class=\"ne-p\">&nbsp;</p>\n<p class=\"ne-p\"><span style=\"font-size: 18px; color: #7e8c8d;\"><span class=\"ne-text\"> Looking forward to your participation!</span></span></p>\n</div>','zhourongling',1,'http://corp-all-web-rs-test.oss-cn-hongkong.aliyuncs.com/gameWeb/Catapult/16521683806827.jpg','2022-04-26 21:32:58','2022-05-10 17:24:58'),
('6a2e09df2500bb33bababd50ecbc3797','da1a5cb9e2c1d357cf24bf58ee2d947b','zh-Hant','testtset112testtesttesttesttesttesttesttesttesttesttesttesttesttesttesttesttesttesttesttesttesttestt','testtesttesttesttesttesttesttesttesttesttesttesttesttesttest','aa','<p style=\"text-align: center;\">这是一篇英文文章</p>\n<ol>\n<li style=\"text-align: left;\">这是一篇英文文章，这是一篇英文文章，这是一篇英文文章，这是一篇英文文章，这是一篇英文文章，这是一篇英文文章，这是一篇英文文章，这是一篇英文文章，这是一篇英文文章，这是一篇英文文章，这是一篇英文文章，</li>\n<li>这是一篇英文文章，这是一篇英文文章，这是一篇英文文章，这是一篇英文文章，这是一篇英文文章，这是一篇英文文章，</li>\n</ol>\n<p>这是一篇英文文章，这是一篇英文文章，这是一篇英文文章，这是一篇英文文章，这是一篇英文文章，这是一篇英文文章，这是一篇英文文章，这是一篇英文文章，这是一篇英文文章，这是一篇英文文章，这是一篇英文文章，这是一篇英文文章，这是一篇英文文章</p>\n<p><img style=\"display: block; margin-left: auto; margin-right: auto;\" src=\"http://corp-all-web-rs-test.oss-cn-hongkong.aliyuncs.com/gameWeb/CAT-cn/1650528491227微信图片_20210824160304.png\" alt=\"\" width=\"379\" height=\"103\" /></p>','avalonweb',1,'http://corp-all-web-rs-test.oss-cn-hongkong.aliyuncs.com/gameWeb/CAT-cn/1650528628902整合信息.png','2022-04-16 15:47:35','2022-04-21 18:37:43'),
('7438de4c19fcc970e635de1b30c2f69f','febb87ca2013ee0561c4be5ef9e538a0','en','My Boss Is A Cat, My Colleague Is A Cat Too!',NULL,'avalonweb','<div class=\"lake-content\">\n<p id=\"ud30de74c\" class=\"ne-p\"><span class=\"ne-text\" style=\"font-size: 18px; color: #7e8c8d;\">Hello everyone, I am an employee of a game company and what I want to tell you is that my boss is a cat and my colleague is also a cat! </span></p>\n<p class=\"ne-p\">&nbsp;</p>\n<p class=\"ne-p\"><span class=\"ne-text\" style=\"font-size: 18px; color: #7e8c8d;\">We finished this game called Smashing Star together.</span></p>\n<p class=\"ne-p\">&nbsp;</p>\n<p class=\"ne-p\"><span class=\"ne-text\" style=\"font-size: 18px; color: #7e8c8d;\"><img style=\"display: block; margin-left: auto; margin-right: auto;\" src=\"http://corp-all-web-rs-test.oss-cn-hongkong.aliyuncs.com/gameWeb/Catapult/1652169241397英文.png\" alt=\"\" width=\"600\" height=\"292\" /></span></p>\n<p id=\"u7d4b85ce\" class=\"ne-p\"></p>\n<p id=\"ue4d07fde\" class=\"ne-p\"><span class=\"ne-text\" style=\"font-size: 18px; color: #7e8c8d;\">Every day when I come to work, my cat boss would patrol around and supervise us to start the new day, it is said that he has a very rich game development experience and is also a veteran player.</span></p>\n<p id=\"ud27c9b18\" class=\"ne-p\"></p>\n<p class=\"ne-p\">&nbsp;</p>\n<p class=\"ne-p\"><img style=\"display: block; margin-left: auto; margin-right: auto;\" src=\"http://corp-all-web-rs-test.oss-cn-hongkong.aliyuncs.com/gameWeb/Catapult/1652170192885微信截图_20220510155813.png\" alt=\"\" width=\"600\" height=\"472\" /></p>\n<p class=\"ne-p\">&nbsp;</p>\n<p class=\"ne-p\">&nbsp;</p>\n<p id=\"ud589ac9c\" class=\"ne-p\"><span class=\"ne-text\" style=\"font-size: 18px; color: #7e8c8d;\">Next is my cat colleague, this cat is indeed a veteran since he has been working in the company for many years, as long as the boss comes, he will work seriously, but as long as the boss walks away, he will be lying on his workstation and sleeping!</span></p>\n<p class=\"ne-p\">&nbsp;</p>\n<p id=\"ud5b7b637\" class=\"ne-p\"></p>\n<p class=\"ne-p\"><img style=\"display: block; margin-left: auto; margin-right: auto;\" src=\"http://corp-all-web-rs-test.oss-cn-hongkong.aliyuncs.com/gameWeb/Catapult/1652169307604微信图片_20220510155441.jpg\" alt=\"\" width=\"600\" height=\"358\" /></p>\n<p>&nbsp;</p>\n<p>&nbsp;</p>\n<p id=\"u4ba7314b\" class=\"ne-p\"><span class=\"ne-text\" style=\"font-size: 18px; color: #7e8c8d;\">We worked together (two cats and a bunch of people) and completed&nbsp; Smashing Star, it is a competitive game where players need to control characters and leave graffiti on the arena by catapulting, and the final winner is determined by the size of the graffiti.</span></p>\n<p class=\"ne-p\">&nbsp;</p>\n<p id=\"uc43e4faa\" class=\"ne-p\"><span style=\"font-size: 18px; color: #7e8c8d;\"><span class=\"ne-text\">&nbsp;if you are interested in it, you can come to our Discord Group to communicate with us (<span style=\"color: #f1c40f; background-color: #34495e;\"><a style=\"color: #f1c40f; background-color: #34495e;\" href=\"https://discord.gg/NWqHD4zUe5\">https://discord.gg/NWqHD4zUe5</a></span></span><a class=\"ne-link\" style=\"color: #7e8c8d;\" href=\"https://discord.gg/Zsw7AM8pCp\" target=\"_blank\" rel=\"noopener\" data-href=\"https://discord.gg/Zsw7AM8pCp\"><span class=\"ne-text\">),</span></a><span class=\"ne-text\"> my cat boss and cat colleague will also be there.</span></span></p>\n<p class=\"ne-p\">&nbsp;</p>\n<p id=\"uc0a6d0c7\" class=\"ne-p\"><span class=\"ne-text\" style=\"font-size: 18px; color: #7e8c8d;\">Thanks to my cat boss and cat colleague, the whole development process was full of joy. The cat boss\' patrol made me diligent, the cat colleagues\' sleep made me work harder, and finally we finished such a game.</span></p>\n</div>','zhourongling',1,'http://corp-all-web-rs-test.oss-cn-hongkong.aliyuncs.com/gameWeb/Catapult/16521686721088.jpg','2022-04-26 17:28:07','2022-05-10 16:21:48'),
('76eb17f856052c92b48b53ea01da56b5','febb87ca2013ee0561c4be5ef9e538a0','en','Create Your Graffiti Anytime, Anywhere!',NULL,'avalonweb','<div class=\"lake-content\">\n<p id=\"u535542f3\" class=\"ne-p\"><span class=\"ne-text\" style=\"font-size: 18px; color: #7e8c8d;\">Graffiti sounds like a very street art creation, and its joy belongs to a small group of people. </span></p>\n<p class=\"ne-p\">&nbsp;</p>\n<p class=\"ne-p\"><span class=\"ne-text\" style=\"font-size: 18px; color: #7e8c8d;\">But in Smashing Star, all players can enjoy the joy and art creation.</span></p>\n<p class=\"ne-p\">&nbsp;</p>\n<p class=\"ne-p\"><img style=\"display: block; margin-left: auto; margin-right: auto;\" src=\"http://corp-all-web-rs-test.oss-cn-hongkong.aliyuncs.com/gameWeb/Catapult/1652171224061B-大图_看图王.jpg\" alt=\"\" width=\"600\" height=\"292\" /></p>\n<p class=\"ne-p\">&nbsp;</p>\n<p id=\"ud6d3351b\" class=\"ne-p\"><span class=\"ne-text\" style=\"font-size: 18px; color: #7e8c8d;\">Smashing Star is a PVP game that combines catapult and graffiti, both sides can have 4 characters in the arena, and each character will catapult alternately according to the speed. </span></p>\n<p class=\"ne-p\">&nbsp;</p>\n<p class=\"ne-p\"><span class=\"ne-text\" style=\"font-size: 18px; color: #7e8c8d;\">Each catapult will leave tracks, after the battle, graffiti artwork is born.</span></p>\n<p class=\"ne-p\">&nbsp;</p>\n<p class=\"ne-p\"><img style=\"display: block; margin-left: auto; margin-right: auto;\" src=\"http://corp-all-web-rs-test.oss-cn-hongkong.aliyuncs.com/gameWeb/Catapult/1652171262971微信截图_20220509190117_副本.png\" alt=\"\" width=\"600\" height=\"530\" /></p>\n<p class=\"ne-p\">&nbsp;</p>\n<p id=\"ua2e7cfcf\" class=\"ne-p\"><span class=\"ne-text\" style=\"font-size: 18px; color: #7e8c8d;\">Here, two identical artwork would never appear. </span></p>\n<p class=\"ne-p\">&nbsp;</p>\n<p class=\"ne-p\"><span class=\"ne-text\" style=\"font-size: 18px; color: #7e8c8d;\">You and your opponent aren\'t just playing against each other, you\'re also creating art together, and the arena is your drawing board.</span></p>\n<p class=\"ne-p\">&nbsp;</p>\n<p class=\"ne-p\"><span class=\"ne-text\" style=\"font-size: 18px; color: #7e8c8d;\"> If your opponent is as interesting as you are, you can even work together to create special shapes.</span></p>\n<p class=\"ne-p\">&nbsp;</p>\n<p id=\"u0a3cfbf6\" class=\"ne-p\"><span style=\"font-size: 18px; color: #7e8c8d;\"><span class=\"ne-text\">No need to go to the street or buy paints, come to Smashing Star and you can create your art anytime and anywhere. </span></span></p>\n<p class=\"ne-p\">&nbsp;</p>\n<p class=\"ne-p\"><span style=\"font-size: 18px; color: #7e8c8d;\"><span class=\"ne-text\">If you want to share your graffiti with us, please join our Discord Server <span style=\"color: #f1c40f; background-color: #34495e;\"><a style=\"color: #f1c40f; background-color: #34495e;\" href=\"https://discord.gg/NWqHD4zUe5\">https://discord.gg/NWqHD4zUe5</a></span></span></span></p>\n</div>','zhourongling',1,'http://corp-all-web-rs-test.oss-cn-hongkong.aliyuncs.com/gameWeb/Catapult/16521711902672.jpg','2022-04-26 17:28:39','2022-05-10 16:29:10'),
('d906f5158cd3c60b64b73a9015a843d0','febb87ca2013ee0561c4be5ef9e538a0','en',' Smash And Doodle To Win, Show Your Skills In Smashing Star','','avalonweb','<div class=\"lake-content\">\n<p id=\"u53cc57f1\" class=\"ne-p\"><span style=\"font-size: 18px; color: #7e8c8d;\"><span class=\"ne-text\">This is a game that combines \"Physics and Art\".</span></span></p>\n<p class=\"ne-p\">&nbsp;</p>\n<p class=\"ne-p\"><span style=\"font-size: 18px; color: #7e8c8d;\"><span class=\"ne-text\">In Smashing Star, </span><span class=\"ne-text\">you can try to complete different paintings by catapulting graffiti against your opponent.</span></span></p>\n<p class=\"ne-p\">&nbsp;</p>\n<p class=\"ne-p\"><span style=\"font-size: 18px; color: #7e8c8d;\"><span class=\"ne-text\"> To win, you need not only a strong deck, but also excellent catapult skills.</span></span></p>\n<p class=\"ne-p\">&nbsp;</p>\n<p class=\"ne-p\">&nbsp;</p>\n<p class=\"ne-p\"><img style=\"display: block; margin-left: auto; margin-right: auto;\" src=\"http://corp-all-web-rs-test.oss-cn-hongkong.aliyuncs.com/gameWeb/Catapult/165217142486413.png\" alt=\"\" width=\"600\" height=\"531\" /></p>\n<p class=\"ne-p\">&nbsp;</p>\n<p class=\"ne-p\">&nbsp;</p>\n<p id=\"u8d97bb0f\" class=\"ne-p\"><span class=\"ne-text\" style=\"font-size: 18px; color: #7e8c8d;\">I believe we have all played a lot of catapult games, the common point of these games is to get maximum benefit by precise angle and strength.</span></p>\n<p class=\"ne-p\">&nbsp;</p>\n<p class=\"ne-p\"><span class=\"ne-text\" style=\"font-size: 18px; color: #7e8c8d;\"> In Smashing Star you need to find your strategies according to the current situation. </span></p>\n<p class=\"ne-p\">&nbsp;</p>\n<p class=\"ne-p\"><span class=\"ne-text\" style=\"font-size: 18px; color: #7e8c8d;\">For example, you can choose to hit those characters with lower HP first to make them loss power; </span></p>\n<p class=\"ne-p\">&nbsp;</p>\n<p class=\"ne-p\"><span class=\"ne-text\" style=\"font-size: 18px; color: #7e8c8d;\">Or you can also choose to hit those characters with bigger size, which can leave longer tracks to help you approaching 66% of graffiti area faster.</span></p>\n<p class=\"ne-p\">&nbsp;</p>\n<p class=\"ne-p\">&nbsp;</p>\n<p class=\"ne-p\"><img src=\"http://corp-all-web-rs-test.oss-cn-hongkong.aliyuncs.com/gameWeb/Catapult/1652172121958111.png\" alt=\"\" width=\"600\" height=\"529\" /></p>\n<p class=\"ne-p\">&nbsp;</p>\n<p class=\"ne-p\">&nbsp;</p>\n<p id=\"u1d4685c6\" class=\"ne-p\"><span class=\"ne-text\" style=\"font-size: 18px; color: #7e8c8d;\">The position of the characters is very important. </span></p>\n<p class=\"ne-p\">&nbsp;</p>\n<p class=\"ne-p\"><span class=\"ne-text\" style=\"font-size: 18px; color: #7e8c8d;\">How to occupy more graffiti area through a single catapult, while as far as possible to prevent the opponent having more chances, both need practical experience.</span></p>\n<p id=\"u00650a4c\" class=\"ne-p\"></p>\n<p class=\"ne-p\">&nbsp;</p>\n<p class=\"ne-p\"><img style=\"display: block; margin-left: auto; margin-right: auto;\" src=\"http://corp-all-web-rs-test.oss-cn-hongkong.aliyuncs.com/gameWeb/Catapult/16521723353621222.png\" alt=\"\" width=\"600\" height=\"531\" /></p>\n<p class=\"ne-p\">&nbsp;</p>\n<p class=\"ne-p\">&nbsp;</p>\n<p id=\"u4ea7905e\" class=\"ne-p\"><span class=\"ne-text\" style=\"font-size: 18px; color: #7e8c8d;\">Besides hitting opponent\'s characters, there will be a buff in the middle of the arena every once in a while, some of them can improve the character\'s speed, some can add HP.</span></p>\n<p class=\"ne-p\">&nbsp;</p>\n<p class=\"ne-p\"><span class=\"ne-text\" style=\"font-size: 18px; color: #7e8c8d;\"> No matter what buff it is will effect the battle. During the buff period, you must occupy buff area first, which means you need to paint graffiti where the buff is located.</span></p>\n<p class=\"ne-p\">&nbsp;</p>\n<p class=\"ne-p\">&nbsp;</p>\n<p class=\"ne-p\"><img style=\"display: block; margin-left: auto; margin-right: auto;\" src=\"http://corp-all-web-rs-test.oss-cn-hongkong.aliyuncs.com/gameWeb/Catapult/16521735301183333.png\" alt=\"\" width=\"600\" height=\"529\" /></p>\n<p>&nbsp;</p>\n<p>&nbsp;</p>\n<p class=\"ne-p\">&nbsp;</p>\n<p id=\"u847579c7\" class=\"ne-p\"><span class=\"ne-text\" style=\"font-size: 18px; color: #7e8c8d;\">A good catapult can even allow you to turn defeat into victory, to win with weakness and completely turn the situation around. </span></p>\n<p class=\"ne-p\">&nbsp;</p>\n<p class=\"ne-p\"><span class=\"ne-text\" style=\"font-size: 18px; color: #7e8c8d;\">Anyways, the graffiti area will </span><span class=\"ne-text\" style=\"font-size: 18px; color: #7e8c8d;\">determine the win and lose, the player who first reaches the 66% of graffiti area will win the battle. </span></p>\n<p class=\"ne-p\">&nbsp;</p>\n<p class=\"ne-p\"><span class=\"ne-text\" style=\"font-size: 18px; color: #7e8c8d;\">Each battle will become extremely splendid!</span></p>\n<p class=\"ne-p\">&nbsp;</p>\n<p id=\"uab5fe6e7\" class=\"ne-p\"><span style=\"font-size: 18px; color: #7e8c8d;\"><span class=\"ne-text\"> If you want to learn more about the game and relevent events, please click <span style=\"color: #f1c40f; background-color: #34495e;\"><a style=\"color: #f1c40f; background-color: #34495e;\" href=\"https://discord.gg/NWqHD4zUe5\">https://discord.gg/NWqHD4zUe5</a></span></span><span class=\"ne-text\">&nbsp;to join our official Discord Server! </span></span></p>\n<p class=\"ne-p\">&nbsp;</p>\n<p class=\"ne-p\"><span style=\"font-size: 18px; color: #7e8c8d;\"><span class=\"ne-text\">Looking forward to your participation!</span></span></p>\n</div>','zhourongling',1,'http://corp-all-web-rs-test.oss-cn-hongkong.aliyuncs.com/gameWeb/Catapult/16521660152243.jpg','2022-04-26 17:42:50','2022-05-10 17:24:54'),
('efd9199e9d99380025c3220cb97122e3','febb87ca2013ee0561c4be5ef9e538a0','en','Join Our Discord Server, Receiving More Game Consult And Events!',NULL,'avalonweb','<div class=\"lake-content\">\n<p id=\"ubc02f3bf\" class=\"ne-p\"><span class=\"ne-text\" style=\"font-size: 18px; color: #7e8c8d;\">If you are interested in Smashing Star, please join our official Discord server and freely communicate with us.&nbsp; </span></p>\n<p class=\"ne-p\"><span style=\"font-size: 18px; color: #7e8c8d;\">&nbsp;</span></p>\n<p class=\"ne-p\"><span class=\"ne-text\" style=\"font-size: 18px; color: #7e8c8d;\">In the Discord group, you can participate various events to get rewards, and also can communicate with our development team, aquiring first-hand information.</span></p>\n<p class=\"ne-p\"><span style=\"font-size: 18px; color: #7e8c8d;\">&nbsp;</span></p>\n<p class=\"ne-p\"><span style=\"font-size: 18px; color: #7e8c8d;\">&nbsp;</span></p>\n<p class=\"ne-p\">&nbsp;</p>\n<p class=\"ne-p\"><span class=\"ne-text\" style=\"font-size: 18px; color: #7e8c8d;\"><img style=\"display: block; margin-left: auto; margin-right: auto;\" src=\"http://corp-all-web-rs-test.oss-cn-hongkong.aliyuncs.com/gameWeb/Catapult/1652166734329微信截图_20220510150841.png\" alt=\"\" width=\"600\" height=\"386\" /></span></p>\n<p>&nbsp;</p>\n<p>&nbsp;</p>\n<p>&nbsp;</p>\n<p><span style=\"font-size: 18px; color: #7e8c8d;\">About this server, it is the place where we want to communicate with our players. </span></p>\n<p>&nbsp;</p>\n<p><span style=\"font-size: 18px; color: #7e8c8d;\">Here we will post information about our games, as well as collect your suggestions and questions.</span></p>\n<p>&nbsp;</p>\n<p><span style=\"font-size: 18px; color: #7e8c8d;\"> Therefore, we have divided different channels for different contents.</span></p>\n<p>&nbsp;</p>\n<p>&nbsp;</p>\n<p>&nbsp;</p>\n<h1><strong><span style=\"font-size: 18px; color: #7e8c8d;\">&mdash;WELCOME&mdash;</span></strong></h1>\n<p>&nbsp;</p>\n<ul>\n<li><span style=\"font-size: 18px; color: #7e8c8d;\">#welcome Channel for sending welcome messages to new members.</span></li>\n</ul>\n<p>&nbsp;</p>\n<ul>\n<li><span style=\"font-size: 18px; color: #7e8c8d;\">#rules For a good communication environment and server security, please make sure to check these rules.</span></li>\n</ul>\n<p>&nbsp;</p>\n<ul>\n<li><span style=\"font-size: 18px; color: #7e8c8d;\">#react-roles Sometimes there are events for a particular game, and it\'s easier to participate if you have the corresponding roles.</span></li>\n</ul>\n<p>&nbsp;</p>\n<p>&nbsp;</p>\n<p>&nbsp;</p>\n<h1><span style=\"font-size: 18px; color: #7e8c8d;\">&mdash;AVALON NEWS&mdash;</span></h1>\n<p>&nbsp;</p>\n<ul>\n<li><span style=\"font-size: 18px; color: #7e8c8d;\">#current-events Some event announcements will be posted here. For example, the latest game testing plans, or some special game events.</span></li>\n</ul>\n<p>&nbsp;</p>\n<ul>\n<li><span style=\"font-size: 18px; color: #7e8c8d;\">#game-update As its name says, new content update in game will be posted here.</span></li>\n</ul>\n<p>&nbsp;</p>\n<ul>\n<li><span style=\"font-size: 18px; color: #7e8c8d;\">#preview-spotlight Sometimes we also post content that is in development, in the form of pictures or videos.</span></li>\n</ul>\n<p>&nbsp;</p>\n<p>&nbsp;</p>\n<p>&nbsp;</p>\n<h1><span style=\"font-size: 18px; color: #7e8c8d;\">&mdash;ASK THE AVALON TEAM&mdash;</span></h1>\n<p>&nbsp;</p>\n<ul>\n<li><span style=\"font-size: 18px; color: #7e8c8d;\">#how-to-ask-questions Help us understand the questions you want to know.</span></li>\n</ul>\n<p>&nbsp;</p>\n<ul>\n<li><span style=\"font-size: 18px; color: #7e8c8d;\">#avalon-team-answers Developer responses will be posted here.</span></li>\n</ul>\n<p>&nbsp;</p>\n<ul>\n<li><span style=\"font-size: 18px; color: #7e8c8d;\">#submit-your-question A channel dedicated to submitting questions, please do not make off-topic talk in this channel.</span></li>\n</ul>\n<p>&nbsp;</p>\n<p>&nbsp;</p>\n<p>&nbsp;</p>\n<h1><span style=\"font-size: 18px; color: #7e8c8d;\">&mdash;AVALONGAMER\'S GUILD&mdash;</span></h1>\n<p>&nbsp;</p>\n<ul>\n<li><span style=\"font-size: 18px; color: #7e8c8d;\">#we-want-you When the members of a game reaches a certain number, we will recruit moderators and open a separate server for it.</span></li>\n</ul>\n<p>&nbsp;</p>\n<ul>\n<li><span style=\"font-size: 18px; color: #7e8c8d;\">#videos-and-streams The official video or live link will be shared here.</span></li>\n</ul>\n<p>&nbsp;</p>\n<p>&nbsp;</p>\n<p>&nbsp;</p>\n<h1><span style=\"font-size: 18px; color: #7e8c8d;\">&mdash;COMMUNITY CONTENT&mdash;</span></h1>\n<p>&nbsp;</p>\n<ul>\n<li><span style=\"font-size: 18px; color: #7e8c8d;\">#off-topic Stay polite and talk about anything you want!</span></li>\n</ul>\n<p>&nbsp;</p>\n<ul>\n<li><span style=\"font-size: 18px; color: #7e8c8d;\">#cute-animals Share cute animals\' pictures.</span></li>\n</ul>\n<p>&nbsp;</p>\n<ul>\n<li><span style=\"font-size: 18px; color: #7e8c8d;\">#show-time Share your wonderful moments in the game.</span></li>\n</ul>\n<p>&nbsp;</p>\n<p>&nbsp;</p>\n<p>&nbsp;</p>\n<h1><span style=\"font-size: 18px; color: #7e8c8d;\">&mdash;GAME IN TEST STAGE&mdash;</span></h1>\n<p>&nbsp;</p>\n<ul>\n<li><span style=\"font-size: 18px; color: #7e8c8d;\">#test-announcement Announcements related to game testing.</span></li>\n</ul>\n<p>&nbsp;</p>\n<ul>\n<li><span style=\"font-size: 18px; color: #7e8c8d;\">#test-game-chat Talk about everything in the test game here.</span></li>\n</ul>\n<p>&nbsp;</p>\n<ul>\n<li><span style=\"font-size: 18px; color: #7e8c8d;\">#test-bug-report It would be better if you could provide screenshots or videos when you report bugs.</span></li>\n</ul>\n<p>&nbsp;</p>\n<ul>\n<li><span style=\"font-size: 18px; color: #7e8c8d;\">#test-suggestions Any suggestions are appreciated! What you are satisfied with or what you are not satisfied with.</span></li>\n</ul>\n<p>&nbsp;</p>\n<p>&nbsp;</p>\n<p id=\"uf090d146\" class=\"ne-p\"></p>\n<p id=\"ub0fbbd5f\" class=\"ne-p\"><span style=\"font-size: 18px; color: #7e8c8d;\"><span class=\"ne-text\">If you want to learn more about the game and relevent events, please click <span style=\"color: #f1c40f; background-color: #34495e;\"><a style=\"color: #f1c40f; background-color: #34495e;\" href=\"https://discord.gg/NWqHD4zUe5\">https://discord.gg/NWqHD4zUe5</a></span></span><span class=\"ne-text\">&nbsp;to join our official Discord Group! </span></span></p>\n<p class=\"ne-p\">&nbsp;</p>\n<p class=\"ne-p\"><span style=\"font-size: 18px; color: #7e8c8d;\"><span class=\"ne-text\">Looking forward to your participation!</span></span></p>\n</div>','zhourongling',1,'http://corp-all-web-rs-test.oss-cn-hongkong.aliyuncs.com/gameWeb/Catapult/16521662413974.jpg','2022-04-26 17:42:37','2022-05-10 17:24:51');

/*!40101 SET SQL_MODE=@OLD_SQL_MODE */;
/*!40014 SET FOREIGN_KEY_CHECKS=@OLD_FOREIGN_KEY_CHECKS */;
/*!40014 SET UNIQUE_CHECKS=@OLD_UNIQUE_CHECKS */;
/*!40111 SET SQL_NOTES=@OLD_SQL_NOTES */;
